vorname_m;vorname_f;nachname;strassenname
Liam;Anna;Müller;Hauptstraße
Noah;Marie;Schmidt;Dorfstraße
Leon;Emma;Schneider;Gartenstraße
Elijah;Mia;Fischer;Bahnhofstraße
Paul;Emilia;Weber;Schulstraße
Finn;Sophia;Meyer;Bergstraße
Luca;Lina;Wagner;Lindenstraße
Henry;Hannah;Becker;Kirchstraße
Emil;Lea;Schulz;Friedhofstraße
Maximilian;Clara;Hoffmann;Rosenstraße
Levi;Ella;Schäfer;Ringstraße
Jakob;Nora;Bauer;Beethovenstraße
Mats;Lara;Koch;Schillerstraße
Lukas;Amelie;Richter;Jahnstraße
Ben;Emily;Klein;Goethestraße
Jonas;Sophie;Wolf;Poststraße
Luis;Charlotte;Schröder;Mühlenstraße
Felix;Luisa;Neumann;Bismarckstraße
Oskar;Mila;Schwarz;Mozartstraße
Elias;Lisa;Zimmermann;Blumenstraße
Theo;Johanna;Braun;Marktstraße
David;Greta;Krüger;Brunnenstraße
Anton;Pauline;Hofmann;Lessingstraße
Julian;Lena;Hartmann;Kastanienstraße
Milan;Mathilda;Lange;Industriestraße
Alexander;Ida;Werner;Schützenstraße
Samuel;Julia;Schmitz;Sonnenstraße
Raphael;Alina;Krause;Wilhelmstraße
Leo;Leni;Meier;Fichtenstraße
Matteo;Sarah;Lehmann;Eichendorffstraße
Lennard;Laura;Schmid;Waldstraße
Vincent;Isabella;Schulze;Wiesenstraße
Nico;Viktoria;Maier;Feldstraße
Carl;Elisa;Köhler;Neue Straße
Johann;Elina;Herrmann;Kastanienallee
Kilian;Anni;König;Bachstraße
Arthur;Helena;Walter;Friedrichstraße
Erik;Melina;Mayer;Ahornstraße
Tom;Maria;Huber;Kirchgasse
Friedrich;Jasmin;Kaiser;Birkenweg
Sebastian;Carlotta;Fuchs;Erlenweg
Mika;Luise;Peters;Weinbergstraße
Benjamin;Eva;Lang;Tannenstraße
Max;Leonie;Scholz;Fliederstraße
Johannes;Frieda;Möller;Eichenstraße
Simon;Zoe;Weiß;Brückenstraße
Frederik;Nele;Jung;Akazienstraße
Matthias;Josephine;Hahn;Bergweg
Jonathan;Magdalena;Keller;An der Kirche
Adrian;Theresa;Vogel;Hindenburgstraße
Nils;Viktoria;Roth;
Roman;Mara;Beck;
Philipp;Rosa;Schröter;
Lennart;Lotta;Jäger;
Leopold;Ronja;Otto;
Bennet;Annika;Günther;
Justus;Sabrina;Bergmann;
Fabian;Tessa;Horn;
Jasper;Evi;Frank;
Hannes;Franziska;Ludwig;
Lenny;Merle;Busch;
Marlon;Carina;Kraus;
Bruno;Thea;Voigt;
Bastian;Antonia;Sauer;
Timo;Valentina;Engel;
Robin;Miriam;Pohl;
Tristan;Juliane;Kuhn;
Malte;Pia;Ziegler;
Dominik;Anja;Friedrich;
Constantin;Selina;Brandt;
Ole;Kim;Seidel;
Till;Isabel;Winter;
Tobias;Jule;Haas;
Rafael;Elena;Simon;
Moritz;Aurelia;Albrecht;
Aaron;Jana;Böhm;
Daniel;Fabienne;Sommer;
Gabriel;Yvonne;Krause;
Jan;Svenja;Nowak;
Josef;Romy;Jacob;
Lias;Teresa;Schuster;
Michael;Liliana;Stein;
Niklas;Alisa;Thiele;
Valentin;Marlene;Riedel;
Konstantin;Madita;Wolff;
Ludwig;Elif;Vogt;
Oliver;Helene;Gärtner;
Hugo;Maja;Böhm;
Eddie;Henriette;Mohr;
Jannis;Tabea;Scholz;
Marvin;Elina;Engels;
Julius;Stella;Bock;
Samuel;Lara-Sophie;Urban;
Henryk;Olivia;Seitz;
Emilio;Annabell;Conrad;
Fynn;Felicia;Jakob;
Carl;Rahel;Vetter;
Soph;Leona;Voß;
Leni;Amira;Kühn;
Leo;Rebecca;Dietrich;
