first_name;family_name;street_address_line
Liam;Müller;Hauptstraße
Noah;Schmidt;Dorfstraße
Leon;Schneider;Gartenstraße
Elijah;Fischer;Bahnhofstraße
Paul;Weber;Schulstraße
Finn;Meyer;Bergstraße
Luca;Wagner;Lindenstraße
Henry;Becker;Kirchstraße
Emil;Schulz;Friedhofstraße
Maximilian;Hoffmann;Rosenstraße
Levi;Schäfer;Ringstraße
Jakob;Bauer;Beethovenstraße
Mats;Koch;Schillerstraße
Lukas;Richter;Jahnstraße
Ben;Klein;Goethestraße
Jonas;Wolf;Poststraße
Luis;Schröder;Mühlenstraße
Felix;Neumann;Bismarckstraße
Oskar;Schwarz;Mozartstraße
Elias;Zimmermann;Blumenstraße
Theo;Braun;Marktstraße
David;Krüger;Brunnenstraße
Anton;Hofmann;Lessingstraße
Julian;Hartmann;Kastanienstraße
Milan;Lange;Industriestraße
Alexander;Werner;Schützenstraße
Samuel;Schmitz;Sonnenstraße
Raphael;Krause;Wilhelmstraße
Leo;Meier;Fichtenstraße
Matteo;Lehmann;Eichendorffstraße
Lennard;Schmid;Waldstraße
Vincent;Schulze;Wiesenstraße
Nico;Maier;Feldstraße
Carl;Köhler;Neue Straße
Johann;Herrmann;Kastanienallee
Kilian;König;Bachstraße
Arthur;Walter;Friedrichstraße
Erik;Mayer;Ahornstraße
Tom;Huber;Kirchgasse
Friedrich;Kaiser;Birkenweg
Sebastian;Fuchs;Erlenweg
Mika;Peters;Weinbergstraße
Benjamin;Lang;Tannenstraße
Max;Scholz;Fliederstraße
Johannes;Möller;Eichenstraße
Simon;Weiß;Brückenstraße
Frederik;Jung;Akazienstraße
Matthias;Hahn;Bergweg
Jonathan;Keller;An der Kirche
Adrian;Vogel;Hindenburgstraße
Nils;Roth;
Roman;Beck;
Philipp;Schröter;
Lennart;Jäger;
Leopold;Otto;
Bennet;Günther;
Justus;Bergmann;
Fabian;Horn;
Jasper;Frank;
Hannes;Ludwig;
Lenny;Busch;
Marlon;Kraus;
Bruno;Voigt;
Bastian;Sauer;
Timo;Engel;
Robin;Pohl;
Tristan;Kuhn;
Malte;Ziegler;
Dominik;Friedrich;
Constantin;Brandt;
Ole;Seidel;
Till;Winter;
Tobias;Haas;
Rafael;Simon;
Moritz;Albrecht;
Aaron;Böhm;
Daniel;Sommer;
Gabriel;Krause;
Jan;Nowak;
Josef;Jacob;
Lias;Schuster;
Michael;Stein;
Niklas;Thiele;
Valentin;Riedel;
Konstantin;Wolff;
Ludwig;Vogt;
Oliver;Gärtner;
Hugo;Böhm;
Eddie;Mohr;
Jannis;Scholz;
Marvin;Engels;
Julius;Bock;
Samuel;Urban;
Henryk;Seitz;
Emilio;Conrad;
Fynn;Jakob;
Carlotta;Vetter;
Sophie;Voß;
Leni;Kühn;
Lea;Dietrich;